[
  { "name": "Afganistán", "iso": "AF" },
  { "name": "Albania", "iso": "AL" },
  { "name": "Alemania", "iso": "DE" },
  { "name": "Andorra", "iso": "AD" },
  { "name": "Angola", "iso": "AO" },
  { "name": "Anguila", "iso": "AI" },
  { "name": "Antártida", "iso": "AQ" },
  { "name": "Antigua y Barbuda", "iso": "AQ" },
  { "name": "Arabia Saudí", "iso": "AG" },
  { "name": "Argelia", "iso": "DZ" },
  { "name": "Argentina", "iso": "AR" },
  { "name": "Armenia", "iso": "AM" },
  { "name": "Aruba", "iso": "AW" },
  { "name": "Australia", "iso": "AU" },
  { "name": "Austria", "iso": "AT" },
  { "name": "Azerbaiyán", "iso": "AZ" },
  { "name": "Bahamas", "iso": "BS" },
  { "name": "Bahréin", "iso": "BH" },
  { "name": "Bangladesh", "iso": "BD" },
  { "name": "Barbados", "iso": "BB" },
  { "name": "Bélgica", "iso": "BE" },
  { "name": "Belice", "iso": "BZ" },
  { "name": "Benín", "iso": "BJ" },
  { "name": "Bermudas", "iso": "BM" },
  { "name": "Bielorrusia", "iso": "BY" },
  { "name": "Bolivia", "iso": "BO" },
  { "name": "Bosnia y Herzegovina", "iso": "BA" },
  { "name": "Botsuana", "iso": "BW" },
  { "name": "Bouvet, Isla", "iso": "BV" },
  { "name": "Brasil", "iso": "BR" },
  { "name": "Brunéi", "iso": "BN" },
  { "name": "Bulgaria", "iso": "BG" },
  { "name": "Burkina Faso", "iso": "BF" },
  { "name": "Burundi", "iso": "BI" },
  { "name": "Bután", "iso": "BT" },
  { "name": "Cabo Verde", "iso": "CV" },
  { "name": "Caimán, Islas", "iso": "KY" },
  { "name": "Camboya", "iso": "KH" },
  { "name": "Camerún", "iso": "CM" },
  { "name": "Canadá", "iso": "CA" },
  { "name": "Centroafricana, República", "iso": "CF" },
  { "name": "Cocos, Isla de (Keeling)", "iso": "CC" },
  { "name": "Colombia", "iso": "CO" },
  { "name": "Comoras", "iso": "KM" },
  { "name": "Congo", "iso": "CG" },
  { "name": "Congo, República Democrática", "iso": "CD" },
  { "name": "Cook, Islas", "iso": "CK" },
  { "name": "Corea del Norte", "iso": "KP" },
  { "name": "Corea del Sur", "iso": "KR" },
  { "name": "Costa de Marfil", "iso": "CI" },
  { "name": "Costa Rica", "iso": "CR" },
  { "name": "Croacia", "iso": "HR" },
  { "name": "Cuba", "iso": "CU" },
  { "name": "Chad", "iso": "TD" },
  { "name": "Checa, República", "iso": "CZ" },
  { "name": "Chile", "iso": "CL" },
  { "name": "China", "iso": "CN" },
  { "name": "Chipre", "iso": "CY" },
  { "name": "Curaçao", "iso": "CW" },
  { "name": "Dinamarca", "iso": "DK" },
  { "name": "Dominica", "iso": "DM" },
  { "name": "Dominicana, República", "iso": "DO" },
  { "name": "Ecuador", "iso": "EC" },
  { "name": "Egipto", "iso": "EG" },
  { "name": "Emiratos Árabes Unidos", "iso": "AE" },
  { "name": "Eritrea", "iso": "ER" },
  { "name": "Eslovaquia", "iso": "SK" },
  { "name": "Eslovenia", "iso": "SI" },
  { "name": "España", "iso": "ES" },
  { "name": "Estados Unidos de América", "iso": "US" },
  { "name": "Estonia", "iso": "EE" },
  { "name": "Etiopía", "iso": "ET" },
  { "name": "Feroe, Islas", "iso": "FO" },
  { "name": "Filipinas", "iso": "PH" },
  { "name": "Finlandia", "iso": "FI" },
  { "name": "Fiyi", "iso": "FJ" },
  { "name": "Francia", "iso": "FR" },
  { "name": "Gabón", "iso": "GA" },
  { "name": "Gambia", "iso": "GM" },
  { "name": "Georgia", "iso": "GE" },
  { "name": "Georgia del Sur y las Islas Sandwich del Sur", "iso": "GS" },
  { "name": "Ghana", "iso": "GH" },
  { "name": "Gibraltar", "iso": "GI" },
  { "name": "Granada", "iso": "GD" },
  { "name": "Grecia", "iso": "GR" },
  { "name": "Groenlandia", "iso": "GL" },
  { "name": "Guam", "iso": "GU" },
  { "name": "Guatemala", "iso": "GT" },
  { "name": "Guernesey", "iso": "GG" },
  { "name": "Guinea", "iso": "GN" },
  { "name": "Guinea ecuatorial", "iso": "GQ" },
  { "name": "Guinea-Bisáu", "iso": "GW" },
  { "name": "Guyana", "iso": "GY" },
  { "name": "Haití", "iso": "HT" },
  { "name": "Heard y McDonald, Islas", "iso": "HM" },
  { "name": "Honduras", "iso": "HN" },
  { "name": "Hong Kong", "iso": "HK" },
  { "name": "Hungría", "iso": "HU" },
  { "name": "India", "iso": "IN" },
  { "name": "Indonesia", "iso": "ID" },
  { "name": "Irán", "iso": "IR" },
  { "name": "Iraq", "iso": "IQ" },
  { "name": "Irlanda", "iso": "IE" },
  { "name": "Isla de Man", "iso": "IM" },
  { "name": "Islandia", "iso": "IS" },
  { "name": "Israel", "iso": "IL" },
  { "name": "Italia", "iso": "IT" },
  { "name": "Jamaica", "iso": "JM" },
  { "name": "Japón", "iso": "JP" },
  { "name": "Jersey", "iso": "JE" },
  { "name": "Jordania", "iso": "JO" },
  { "name": "Kazajistán", "iso": "KZ" },
  { "name": "Kenia", "iso": "KE" },
  { "name": "Kirguistán", "iso": "KG" },
  { "name": "Kiribati", "iso": "KI" },
  { "name": "Kuwait", "iso": "KW" },
  { "name": "Laos", "iso": "LA" },
  { "name": "Lesoto", "iso": "LS" },
  { "name": "Letonia", "iso": "LV" },
  { "name": "Líbano", "iso": "LB" },
  { "name": "Liberia", "iso": "LR" },
  { "name": "Libia", "iso": "LY" },
  { "name": "Liechtenstein", "iso": "LI" },
  { "name": "Lituania", "iso": "LT" },
  { "name": "Luxemburgo", "iso": "LU" },
  { "name": "Macao", "iso": "MO" },
  { "name": "Macedonia", "iso": "MK" },
  { "name": "Madagascar", "iso": "MG" },
  { "name": "Malasia", "iso": "MY" },
  { "name": "Malawi", "iso": "MW" },
  { "name": "Maldivas", "iso": "MV" },
  { "name": "Malí", "iso": "ML" },
  { "name": "Malta", "iso": "MT" },
  { "name": "Malvinas, Islas", "iso": "FK" },
  { "name": "Marianas del Norte, Islas", "iso": "MP" },
  { "name": "Marruecos", "iso": "MA" },
  { "name": "Marshall, Islas", "iso": "MH" },
  { "name": "Mauricio", "iso": "MU" },
  { "name": "Mauritania", "iso": "MR" },
  { "name": "Mayotte", "iso": "YT" },
  { "name": "Menores Alejadas de los EEUU", "iso": "UM" },
  { "name": "México", "iso": "MX" },
  { "name": "Micronesia", "iso": "FM" },
  { "name": "Moldavia", "iso": "MD" },
  { "name": "Mónaco", "iso": "MC" },
  { "name": "Mongolia", "iso": "MN" },
  { "name": "Montenegro", "iso": "ME" },
  { "name": "Montserrat", "iso": "MS" },
  { "name": "Mozambique", "iso": "MZ" },
  { "name": "Myanmar", "iso": "MM" },
  { "name": "Namibia", "iso": "NA" },
  { "name": "Nauru", "iso": "NR" },
  { "name": "Navidad, Isla", "iso": "CX" },
  { "name": "Nepal", "iso": "NP" },
  { "name": "Nicaragua", "iso": "NI" },
  { "name": "Níger", "iso": "NE" },
  { "name": "Nigeria", "iso": "NG" },
  { "name": "Niue, Isla", "iso": "NU" },
  { "name": "Norfolk, Isla", "iso": "NF" },
  { "name": "Noruega", "iso": "NO" },
  { "name": "Nueva Caledonia", "iso": "NC" },
  { "name": "Nueva Zelanda", "iso": "NZ" },
  { "name": "Océano Índico, Territorio Británico del", "iso": "IO" },
  { "name": "Omán", "iso": "OM" },
  { "name": "Países Bajos", "iso": "NL" },
  { "name": "Países Bajos, Bonaire", "iso": "BQ" },
  { "name": "Pakistán", "iso": "PK" },
  { "name": "Palau", "iso": "PW" },
  { "name": "Panamá", "iso": "PA" },
  { "name": "Papúa Nueva Guinea", "iso": "PG" },
  { "name": "Paraguay", "iso": "PY" },
  { "name": "Perú", "iso": "PE" },
  { "name": "Pitcairn", "iso": "PN" },
  { "name": "Polinesia Francesa", "iso": "PF" },
  { "name": "Polonia", "iso": "PL" },
  { "name": "Portugal", "iso": "PT" },
  { "name": "Puerto Rico", "iso": "PR" },
  { "name": "Qatar", "iso": "QA" },
  { "name": "Reino Unido", "iso": "GB" },
  { "name": "Ruanda", "iso": "RW" },
  { "name": "Rumanía", "iso": "RO" },
  { "name": "Rusia", "iso": "RU" },
  { "name": "Salomón, Islas", "iso": "SB" },
  { "name": "Salvador, El", "iso": "SV" },
  { "name": "Samoa Occidental", "iso": "WS" },
  { "name": "Samoa Americana", "iso": "AS" },
  { "name": "San Cristóbal y Nieves", "iso": "KN" },
  { "name": "San Marino", "iso": "SM" },
  { "name": "San Martín", "iso": "SX" },
  { "name": "San Pedro y Miquelón", "iso": "PM" },
  { "name": "San Vicente y las Granadinas", "iso": "VC" },
  { "name": "Santa Elena", "iso": "SH" },
  { "name": "Santa Lucía", "iso": "LC" },
  { "name": "Santo Tomé y Príncipe", "iso": "ST" },
  { "name": "Senegal", "iso": "SN" },
  { "name": "Serbia", "iso": "RS" },
  { "name": "Seychelles", "iso": "SC" },
  { "name": "Sierra Leona", "iso": "SL" },
  { "name": "Singapur", "iso": "SG" },
  { "name": "Siria", "iso": "SY" },
  { "name": "Somalia", "iso": "SO" },
  { "name": "Sri Lanka", "iso": "LK" },
  { "name": "Suazilandia", "iso": "SZ" },
  { "name": "Sudáfrica", "iso": "ZA" },
  { "name": "Sudán", "iso": "SD" },
  { "name": "Sudán del Sur", "iso": "SS" },
  { "name": "Suecia", "iso": "SE" },
  { "name": "Suiza", "iso": "CH" },
  { "name": "Surinam", "iso": "SR" },
  { "name": "Tailandia", "iso": "TH" },
  { "name": "Taiwán", "iso": "TW" },
  { "name": "Tanzania (República Unida de)", "iso": "TZ" },
  { "name": "Tayikistán", "iso": "TJ" },
  { "name": "Territorio Palestino Ocupado", "iso": "PS" },
  { "name": "Tierras Australes Francesas", "iso": "TF" },
  { "name": "Timor Oriental", "iso": "TL" },
  { "name": "Togo", "iso": "TG" },
  { "name": "Tokelau, Islas", "iso": "TK" },
  { "name": "Tonga", "iso": "TO" },
  { "name": "Trinidad y Tobago", "iso": "TT" },
  { "name": "Túnez", "iso": "TN" },
  { "name": "Turcas y Caicos, Islas", "iso": "TC" },
  { "name": "Turkmenistán", "iso": "TM" },
  { "name": "Turquía", "iso": "TR" },
  { "name": "Tuvalu", "iso": "TV" },
  { "name": "Ucrania", "iso": "UA" },
  { "name": "Uganda", "iso": "UG" },
  { "name": "Uruguay", "iso": "UY" },
  { "name": "Uzbekistán", "iso": "UZ" },
  { "name": "Vanuatu", "iso": "VU" },
  { "name": "Vaticano, Ciudad del", "iso": "VA" },
  { "name": "Venezuela", "iso": "VE" },
  { "name": "Vietnam", "iso": "VN" },
  { "name": "Vírgenes Británicas, Islas", "iso": "VG" },
  { "name": "Vírgenes de los EEUU, Islas", "iso": "VI" },
  { "name": "Wallis y Futuna, Islas", "iso": "WF" },
  { "name": "Yemen", "iso": "YE" },
  { "name": "Yibuti", "iso": "DJ" },
  { "name": "Zambia", "iso": "ZM" },
  { "name": "Zimbabue", "iso": "ZW" }
]
