[
  {
    "divisa": "usd",
    "simbolo": "$"
  },
  {
    "divisa": "aud",
    "simbolo": "AUD$"
  },
  {
    "divisa": "cad",
    "simbolo": "CAD$"
  },
  {
    "divisa": "eur",
    "simbolo": "€"
  },
  {
    "divisa": "jpy",
    "simbolo": "¥"
  },
  {
    "divisa": "cny",
    "simbolo": "CN¥"
  },
  {
    "divisa": "gbp",
    "simbolo": "£"
  },
  {
    "divisa": "inr",
    "simbolo": "₹"
  },
  {
    "divisa": "chf",
    "simbolo": "Fr."
  },
  {
    "divisa": "rub",
    "simbolo": "₽"
  }
]
